n,f=0.5,f=0.5_ES,f=1.0,f=1.0_ES
200,0.023870468139648438,11.132781028747559,0.023870468139648438,11.132781028747559
400,0.023870468139648438,11.13318157196045,0.023870468139648438,11.13318157196045
600,0.023870468139648438,11.133528709411621,0.023870468139648438,11.133528709411621
800,0.023870468139648438,11.133822441101074,0.023870468139648438,11.133822441101074
1000,0.023870468139648438,11.13400936126709,0.023870468139648438,11.13400936126709
